sigma_1,sigma_2,sigma_e,LL
0,0,1,-963.12
0.450188986,0,0.544426255,-805.2762664
0.262449343,0.426459673,0.514452644,-785.6337802
0,0,1,-1091.242
0.167423349,0,0.666041178,-1052.904198
0.086966001,0.142520027,0.657003141,-1050.568115
0,0,1,-1264.44
0.176858863,0,0.750747539,-1238.236276
0.176858326,1.00E-06,0.750747475,-1238.236279
0,0.00E+00,1,-1423.62
0.141599803,0,0.841744423,-1404.424836
0.048527226,0.159276468,0.831393338,-1401.431407
0,0,1,-1286.61
0.122347802,0,0.774894036,-1271.987033
0.035062146,0.152818818,0.764947469,-1269.326325